Evolution_Phase,Avg_Weight
1,78.59102564
2,109.9403509
3,181.275